date,customer_id,feature,utilization_rate,active_users,sessions,avg_session_duration_min
2022-01-01,CUST_0001,Feature C,0.479,114,901,43.0
2022-01-31,CUST_0001,Feature B,0.421,114,211,55.6
2022-03-02,CUST_0001,Feature A,0.407,168,377,56.3
2022-04-01,CUST_0001,Feature B,0.357,13,1620,47.1
2022-05-01,CUST_0001,Feature B,0.462,38,1881,40.7
2022-05-31,CUST_0001,Feature B,0.355,58,758,53.8
2022-06-30,CUST_0001,Feature B,0.368,151,1717,23.7
2022-07-30,CUST_0001,Feature D,0.535,48,1841,36.5
2022-08-29,CUST_0001,Feature D,0.431,13,801,9.0
2022-09-28,CUST_0001,Feature C,0.543,77,285,24.4
2022-10-28,CUST_0001,Feature C,0.365,7,1398,21.6
2022-11-27,CUST_0001,Feature D,0.525,140,1871,17.3
2022-12-27,CUST_0001,Feature D,0.546,186,688,19.6
2023-01-26,CUST_0001,Feature D,0.375,152,480,31.1
2023-02-25,CUST_0001,Feature D,0.517,178,1478,43.0
2023-03-27,CUST_0001,Feature A,0.534,160,1787,26.1
2023-04-26,CUST_0001,Feature D,0.421,120,171,14.3
2023-05-26,CUST_0001,Feature D,0.374,78,1264,27.4
2023-06-25,CUST_0001,Feature D,0.489,98,863,54.0
2023-07-25,CUST_0001,Feature B,0.451,45,865,18.9
2023-08-24,CUST_0001,Feature C,0.43,62,1579,8.7
2023-09-23,CUST_0001,Feature A,0.358,199,1001,25.1
2023-10-23,CUST_0001,Feature C,0.381,116,1203,22.2
2023-11-22,CUST_0001,Feature D,0.378,37,1775,33.6
2022-01-01,CUST_0002,Feature B,0.383,117,1952,30.2
2022-01-31,CUST_0002,Feature B,0.396,198,1610,16.9
2022-03-02,CUST_0002,Feature B,0.39,141,1950,43.4
2022-04-01,CUST_0002,Feature C,0.349,111,1142,19.1
2022-05-01,CUST_0002,Feature B,0.437,183,1823,33.0
2022-05-31,CUST_0002,Feature A,0.44,62,236,30.4
2022-06-30,CUST_0002,Feature D,0.429,120,1023,49.9
2022-07-30,CUST_0002,Feature D,0.427,153,683,41.1
2022-08-29,CUST_0002,Feature A,0.509,122,421,55.5
2022-09-28,CUST_0002,Feature A,0.427,135,1338,45.0
2022-10-28,CUST_0002,Feature D,0.473,87,477,15.3
2022-11-27,CUST_0002,Feature B,0.469,174,1964,47.5
2022-12-27,CUST_0002,Feature A,0.486,55,860,30.2
2023-01-26,CUST_0002,Feature C,0.484,33,1753,43.1
2023-02-25,CUST_0002,Feature D,0.371,81,771,28.7
2023-03-27,CUST_0002,Feature C,0.474,64,1707,21.6
2023-04-26,CUST_0002,Feature B,0.415,147,1889,43.3
2023-05-26,CUST_0002,Feature B,0.446,70,1949,16.0
2023-06-25,CUST_0002,Feature C,0.425,126,113,58.0
2023-07-25,CUST_0002,Feature C,0.408,46,150,31.5
2023-08-24,CUST_0002,Feature A,0.399,79,239,10.5
2023-09-23,CUST_0002,Feature C,0.48,146,1139,24.3
2023-10-23,CUST_0002,Feature D,0.363,43,1856,10.0
2023-11-22,CUST_0002,Feature A,0.511,156,254,40.0
2022-01-01,CUST_0003,Feature D,0.691,29,872,26.1
2022-01-31,CUST_0003,Feature D,0.574,43,1744,38.4
2022-03-02,CUST_0003,Feature A,0.721,55,1920,54.6
2022-04-01,CUST_0003,Feature C,0.613,71,1575,25.7
2022-05-01,CUST_0003,Feature C,0.597,8,347,35.1
2022-05-31,CUST_0003,Feature B,0.574,195,632,21.4
2022-06-30,CUST_0003,Feature D,0.643,34,407,56.8
2022-07-30,CUST_0003,Feature D,0.726,156,1709,41.1
2022-08-29,CUST_0003,Feature A,0.761,194,1766,21.5
2022-09-28,CUST_0003,Feature C,0.727,60,566,36.1
2022-10-28,CUST_0003,Feature C,0.709,189,1382,56.6
2022-11-27,CUST_0003,Feature B,0.574,87,1936,48.2
2022-12-27,CUST_0003,Feature B,0.609,34,941,53.2
2023-01-26,CUST_0003,Feature C,0.765,149,1833,15.2
2023-02-25,CUST_0003,Feature B,0.637,21,450,18.9
2023-03-27,CUST_0003,Feature C,0.679,145,1123,43.4
2023-04-26,CUST_0003,Feature B,0.703,56,354,32.8
2023-05-26,CUST_0003,Feature A,0.648,199,411,30.9
2023-06-25,CUST_0003,Feature B,0.749,52,356,32.6
2023-07-25,CUST_0003,Feature C,0.588,95,429,28.3
2023-08-24,CUST_0003,Feature A,0.661,48,444,52.9
2023-09-23,CUST_0003,Feature A,0.643,99,1084,32.8
2023-10-23,CUST_0003,Feature C,0.682,118,103,43.4
2023-11-22,CUST_0003,Feature A,0.723,158,1982,13.3
2022-01-01,CUST_0004,Feature A,0.803,40,880,55.0
2022-01-31,CUST_0004,Feature C,0.761,142,608,57.5
2022-03-02,CUST_0004,Feature D,0.899,182,1600,25.6
2022-04-01,CUST_0004,Feature C,0.921,198,1520,41.4
2022-05-01,CUST_0004,Feature A,0.875,70,829,5.3
2022-05-31,CUST_0004,Feature B,0.9,153,1877,5.8
2022-06-30,CUST_0004,Feature C,0.914,168,327,34.8
2022-07-30,CUST_0004,Feature A,0.858,179,1665,8.1
2022-08-29,CUST_0004,Feature B,0.755,180,1429,10.6
2022-09-28,CUST_0004,Feature D,0.897,51,596,32.8
2022-10-28,CUST_0004,Feature D,0.821,92,221,46.9
2022-11-27,CUST_0004,Feature B,0.852,39,849,26.7
2022-12-27,CUST_0004,Feature A,0.835,100,1728,17.5
2023-01-26,CUST_0004,Feature B,0.774,95,1835,9.7
2023-02-25,CUST_0004,Feature A,0.765,6,893,13.8
2023-03-27,CUST_0004,Feature B,0.753,37,1758,23.4
2023-04-26,CUST_0004,Feature A,0.78,76,831,14.5
2023-05-26,CUST_0004,Feature D,0.796,92,1748,31.8
2023-06-25,CUST_0004,Feature A,0.91,48,711,54.3
2023-07-25,CUST_0004,Feature A,0.788,121,390,59.9
2023-08-24,CUST_0004,Feature C,0.869,82,818,59.1
2023-09-23,CUST_0004,Feature C,0.85,142,839,24.3
2023-10-23,CUST_0004,Feature D,0.904,25,1285,37.9
2023-11-22,CUST_0004,Feature C,0.767,10,1194,49.0
2022-01-01,CUST_0005,Feature D,0.56,34,917,42.1
2022-01-31,CUST_0005,Feature A,0.543,193,649,5.6
2022-03-02,CUST_0005,Feature C,0.638,87,1321,35.9
2022-04-01,CUST_0005,Feature B,0.674,29,127,36.9
2022-05-01,CUST_0005,Feature A,0.503,64,1839,24.2
2022-05-31,CUST_0005,Feature B,0.533,197,1398,53.5
2022-06-30,CUST_0005,Feature D,0.654,62,1504,13.5
2022-07-30,CUST_0005,Feature D,0.618,48,915,17.5
2022-08-29,CUST_0005,Feature B,0.552,150,650,30.1
2022-09-28,CUST_0005,Feature C,0.57,69,1508,16.6
2022-10-28,CUST_0005,Feature A,0.675,90,311,11.2
2022-11-27,CUST_0005,Feature B,0.557,28,1591,10.4
2022-12-27,CUST_0005,Feature B,0.644,62,1999,18.0
2023-01-26,CUST_0005,Feature D,0.562,15,1770,46.7
2023-02-25,CUST_0005,Feature D,0.59,81,1974,20.2
2023-03-27,CUST_0005,Feature D,0.533,15,1345,59.2
2023-04-26,CUST_0005,Feature B,0.507,14,1840,47.2
2023-05-26,CUST_0005,Feature D,0.663,127,181,11.4
2023-06-25,CUST_0005,Feature C,0.535,54,196,22.4
2023-07-25,CUST_0005,Feature C,0.507,158,338,45.1
2023-08-24,CUST_0005,Feature B,0.566,36,1392,12.7
2023-09-23,CUST_0005,Feature B,0.526,142,1146,46.0
2023-10-23,CUST_0005,Feature A,0.675,151,1166,9.7
2023-11-22,CUST_0005,Feature D,0.628,63,1584,54.5
2022-01-01,CUST_0006,Feature A,0.751,152,489,45.5
2022-01-31,CUST_0006,Feature C,0.755,114,1935,45.0
2022-03-02,CUST_0006,Feature C,0.682,158,1825,28.6
2022-04-01,CUST_0006,Feature C,0.708,83,468,44.9
2022-05-01,CUST_0006,Feature A,0.769,41,1050,16.7
2022-05-31,CUST_0006,Feature A,0.703,66,932,14.6
2022-06-30,CUST_0006,Feature D,0.721,87,337,16.0
2022-07-30,CUST_0006,Feature D,0.687,80,511,32.4
2022-08-29,CUST_0006,Feature B,0.779,112,1106,37.9
2022-09-28,CUST_0006,Feature C,0.81,74,469,48.2
2022-10-28,CUST_0006,Feature C,0.747,132,1205,47.1
2022-11-27,CUST_0006,Feature C,0.864,12,300,59.1
2022-12-27,CUST_0006,Feature C,0.799,101,630,40.2
2023-01-26,CUST_0006,Feature A,0.876,151,980,43.4
2023-02-25,CUST_0006,Feature D,0.868,113,484,57.1
2023-03-27,CUST_0006,Feature C,0.684,34,1371,36.6
2023-04-26,CUST_0006,Feature B,0.844,170,576,12.9
2023-05-26,CUST_0006,Feature B,0.777,136,281,54.8
2023-06-25,CUST_0006,Feature A,0.755,135,233,40.2
2023-07-25,CUST_0006,Feature A,0.719,179,969,17.2
2023-08-24,CUST_0006,Feature C,0.837,159,1839,25.4
2023-09-23,CUST_0006,Feature A,0.711,169,1198,6.3
2023-10-23,CUST_0006,Feature A,0.802,71,823,44.5
2023-11-22,CUST_0006,Feature D,0.844,102,619,26.0
2022-01-01,CUST_0007,Feature B,0.894,142,393,49.9
2022-01-31,CUST_0007,Feature C,0.859,75,214,17.2
2022-03-02,CUST_0007,Feature C,0.813,169,967,48.3
2022-04-01,CUST_0007,Feature D,0.83,39,1015,58.8
2022-05-01,CUST_0007,Feature A,0.824,140,544,52.6
2022-05-31,CUST_0007,Feature C,0.805,39,857,41.4
2022-06-30,CUST_0007,Feature C,0.803,81,1415,55.5
2022-07-30,CUST_0007,Feature A,0.741,28,144,54.9
2022-08-29,CUST_0007,Feature B,0.783,138,632,32.5
2022-09-28,CUST_0007,Feature A,0.879,156,819,20.7
2022-10-28,CUST_0007,Feature B,0.869,93,1218,35.9
2022-11-27,CUST_0007,Feature A,0.865,120,643,54.0
2022-12-27,CUST_0007,Feature C,0.898,113,846,50.6
2023-01-26,CUST_0007,Feature B,0.879,134,1136,32.9
2023-02-25,CUST_0007,Feature C,0.816,43,1397,30.4
2023-03-27,CUST_0007,Feature A,0.771,26,428,46.4
2023-04-26,CUST_0007,Feature C,0.745,167,1275,36.0
2023-05-26,CUST_0007,Feature C,0.85,179,1737,35.6
2023-06-25,CUST_0007,Feature C,0.817,69,449,53.3
2023-07-25,CUST_0007,Feature C,0.874,16,1096,26.6
2023-08-24,CUST_0007,Feature A,0.849,196,233,21.0
2023-09-23,CUST_0007,Feature A,0.727,95,779,56.8
2023-10-23,CUST_0007,Feature A,0.882,142,922,29.9
2023-11-22,CUST_0007,Feature A,0.708,96,1676,30.1
2022-01-01,CUST_0008,Feature B,0.551,24,437,43.4
2022-01-31,CUST_0008,Feature A,0.625,144,1191,13.9
2022-03-02,CUST_0008,Feature B,0.576,194,339,41.8
2022-04-01,CUST_0008,Feature B,0.586,34,356,16.2
2022-05-01,CUST_0008,Feature A,0.566,38,1384,23.4
2022-05-31,CUST_0008,Feature B,0.631,18,207,52.7
2022-06-30,CUST_0008,Feature D,0.541,98,1914,38.0
2022-07-30,CUST_0008,Feature D,0.537,178,1482,39.4
2022-08-29,CUST_0008,Feature C,0.578,114,1304,46.5
2022-09-28,CUST_0008,Feature D,0.686,64,734,27.8
2022-10-28,CUST_0008,Feature D,0.59,97,493,34.6
2022-11-27,CUST_0008,Feature A,0.658,121,1770,59.4
2022-12-27,CUST_0008,Feature A,0.661,57,73,28.0
2023-01-26,CUST_0008,Feature A,0.699,181,868,27.3
2023-02-25,CUST_0008,Feature B,0.579,171,982,9.3
2023-03-27,CUST_0008,Feature A,0.66,136,1607,7.9
2023-04-26,CUST_0008,Feature B,0.67,150,1841,48.5
2023-05-26,CUST_0008,Feature D,0.599,81,1645,32.2
2023-06-25,CUST_0008,Feature B,0.701,182,535,50.3
2023-07-25,CUST_0008,Feature D,0.6,70,596,33.0
2023-08-24,CUST_0008,Feature D,0.585,102,1117,47.9
2023-09-23,CUST_0008,Feature B,0.564,6,311,43.6
2023-10-23,CUST_0008,Feature C,0.696,96,186,51.0
2023-11-22,CUST_0008,Feature C,0.547,172,1030,21.5
2022-01-01,CUST_0009,Feature D,0.6,40,1909,47.3
2022-01-31,CUST_0009,Feature D,0.484,117,1602,23.9
2022-03-02,CUST_0009,Feature A,0.636,64,882,53.2
2022-04-01,CUST_0009,Feature A,0.561,111,330,37.9
2022-05-01,CUST_0009,Feature A,0.62,31,1714,10.4
2022-05-31,CUST_0009,Feature D,0.63,65,279,20.4
2022-06-30,CUST_0009,Feature C,0.507,173,407,12.5
2022-07-30,CUST_0009,Feature B,0.491,91,657,19.0
2022-08-29,CUST_0009,Feature D,0.661,178,1383,28.4
2022-09-28,CUST_0009,Feature A,0.499,101,1463,35.4
2022-10-28,CUST_0009,Feature A,0.6,151,1869,56.3
2022-11-27,CUST_0009,Feature D,0.49,151,1461,38.8
2022-12-27,CUST_0009,Feature A,0.589,66,1365,57.6
2023-01-26,CUST_0009,Feature B,0.529,120,1644,49.9
2023-02-25,CUST_0009,Feature C,0.65,94,1822,33.1
2023-03-27,CUST_0009,Feature A,0.624,161,1269,48.2
2023-04-26,CUST_0009,Feature B,0.535,160,667,13.6
2023-05-26,CUST_0009,Feature C,0.5,122,403,24.2
2023-06-25,CUST_0009,Feature D,0.542,27,1229,19.1
2023-07-25,CUST_0009,Feature B,0.479,20,597,40.6
2023-08-24,CUST_0009,Feature B,0.586,195,898,43.7
2023-09-23,CUST_0009,Feature D,0.635,136,541,34.5
2023-10-23,CUST_0009,Feature D,0.558,107,641,21.6
2023-11-22,CUST_0009,Feature D,0.573,101,178,46.7
2022-01-01,CUST_0010,Feature B,0.935,79,442,32.0
2022-01-31,CUST_0010,Feature C,0.825,130,1957,44.5
2022-03-02,CUST_0010,Feature A,0.814,193,698,54.8
2022-04-01,CUST_0010,Feature A,0.949,29,619,10.7
2022-05-01,CUST_0010,Feature C,0.915,158,1575,50.2
2022-05-31,CUST_0010,Feature A,0.808,82,820,36.2
2022-06-30,CUST_0010,Feature A,0.834,150,151,58.9
2022-07-30,CUST_0010,Feature B,0.867,102,1904,6.9
2022-08-29,CUST_0010,Feature C,0.962,179,1462,55.6
2022-09-28,CUST_0010,Feature B,0.81,191,1128,48.1
2022-10-28,CUST_0010,Feature A,0.907,43,955,32.1
2022-11-27,CUST_0010,Feature D,0.868,129,82,40.7
2022-12-27,CUST_0010,Feature A,0.812,91,800,30.0
2023-01-26,CUST_0010,Feature B,0.849,130,585,40.6
2023-02-25,CUST_0010,Feature A,0.814,26,264,21.5
2023-03-27,CUST_0010,Feature D,0.949,130,109,48.8
2023-04-26,CUST_0010,Feature D,0.84,123,681,50.0
2023-05-26,CUST_0010,Feature A,0.903,132,1504,34.0
2023-06-25,CUST_0010,Feature C,0.824,12,248,59.1
2023-07-25,CUST_0010,Feature B,0.864,164,935,25.9
2023-08-24,CUST_0010,Feature A,0.834,50,739,41.2
2023-09-23,CUST_0010,Feature D,0.852,77,502,8.8
2023-10-23,CUST_0010,Feature C,0.94,38,714,31.1
2023-11-22,CUST_0010,Feature A,0.907,119,506,58.5
2022-01-01,CUST_0011,Feature B,0.663,114,779,55.3
2022-01-31,CUST_0011,Feature A,0.66,88,1736,31.5
2022-03-02,CUST_0011,Feature C,0.628,198,1915,50.4
2022-04-01,CUST_0011,Feature B,0.59,160,1402,57.6
2022-05-01,CUST_0011,Feature C,0.591,194,375,28.1
2022-05-31,CUST_0011,Feature D,0.679,193,1680,6.8
2022-06-30,CUST_0011,Feature C,0.651,79,1505,26.3
2022-07-30,CUST_0011,Feature C,0.662,52,1624,25.9
2022-08-29,CUST_0011,Feature C,0.563,20,718,48.4
2022-09-28,CUST_0011,Feature B,0.689,85,729,57.3
2022-10-28,CUST_0011,Feature D,0.553,62,699,24.4
2022-11-27,CUST_0011,Feature D,0.682,93,412,8.5
2022-12-27,CUST_0011,Feature C,0.577,162,101,23.2
2023-01-26,CUST_0011,Feature D,0.575,35,146,35.2
2023-02-25,CUST_0011,Feature B,0.682,107,1253,40.6
2023-03-27,CUST_0011,Feature B,0.596,91,1816,47.9
2023-04-26,CUST_0011,Feature C,0.528,198,1751,46.4
2023-05-26,CUST_0011,Feature B,0.685,125,140,15.4
2023-06-25,CUST_0011,Feature A,0.714,161,1761,30.9
2023-07-25,CUST_0011,Feature B,0.59,86,804,52.6
2023-08-24,CUST_0011,Feature D,0.684,85,344,5.6
2023-09-23,CUST_0011,Feature A,0.609,187,1191,29.0
2023-10-23,CUST_0011,Feature D,0.715,178,1264,13.2
2023-11-22,CUST_0011,Feature B,0.631,94,639,11.3
2022-01-01,CUST_0012,Feature B,0.695,120,250,19.8
2022-01-31,CUST_0012,Feature A,0.633,149,1704,44.1
2022-03-02,CUST_0012,Feature D,0.573,100,243,7.7
2022-04-01,CUST_0012,Feature C,0.552,164,1161,41.0
2022-05-01,CUST_0012,Feature A,0.666,184,1772,23.2
2022-05-31,CUST_0012,Feature D,0.556,136,1201,26.7
2022-06-30,CUST_0012,Feature A,0.632,73,747,6.2
2022-07-30,CUST_0012,Feature C,0.59,139,1256,15.7
2022-08-29,CUST_0012,Feature D,0.542,8,1198,53.4
2022-09-28,CUST_0012,Feature D,0.51,15,109,17.8
2022-10-28,CUST_0012,Feature B,0.542,121,444,41.8
2022-11-27,CUST_0012,Feature A,0.529,121,1187,44.4
2022-12-27,CUST_0012,Feature C,0.665,76,1394,53.9
2023-01-26,CUST_0012,Feature D,0.518,31,1698,19.6
2023-02-25,CUST_0012,Feature B,0.601,24,1134,43.4
2023-03-27,CUST_0012,Feature D,0.654,107,1293,52.8
2023-04-26,CUST_0012,Feature C,0.54,88,475,43.6
2023-05-26,CUST_0012,Feature C,0.574,190,1824,46.8
2023-06-25,CUST_0012,Feature D,0.521,42,1239,47.4
2023-07-25,CUST_0012,Feature D,0.601,64,1065,31.1
2023-08-24,CUST_0012,Feature C,0.572,6,566,32.9
2023-09-23,CUST_0012,Feature A,0.658,52,670,25.5
2023-10-23,CUST_0012,Feature C,0.639,43,1105,50.7
2023-11-22,CUST_0012,Feature C,0.701,40,880,46.5
2022-01-01,CUST_0013,Feature B,0.782,72,1399,58.5
2022-01-31,CUST_0013,Feature A,0.859,31,126,31.4
2022-03-02,CUST_0013,Feature A,0.828,127,565,21.5
2022-04-01,CUST_0013,Feature B,0.929,87,202,32.9
2022-05-01,CUST_0013,Feature A,0.921,133,180,21.9
2022-05-31,CUST_0013,Feature C,0.782,54,152,15.6
2022-06-30,CUST_0013,Feature D,0.864,52,1175,55.9
2022-07-30,CUST_0013,Feature C,0.841,39,1919,34.5
2022-08-29,CUST_0013,Feature B,0.962,31,1324,37.8
2022-09-28,CUST_0013,Feature D,0.942,40,1718,59.5
2022-10-28,CUST_0013,Feature C,0.814,12,1889,36.8
2022-11-27,CUST_0013,Feature D,0.892,93,1894,46.2
2022-12-27,CUST_0013,Feature D,0.799,15,367,18.7
2023-01-26,CUST_0013,Feature C,0.877,84,1327,28.7
2023-02-25,CUST_0013,Feature A,0.906,25,233,41.5
2023-03-27,CUST_0013,Feature D,0.931,181,1041,28.1
2023-04-26,CUST_0013,Feature C,0.935,47,414,25.0
2023-05-26,CUST_0013,Feature C,0.934,87,784,54.7
2023-06-25,CUST_0013,Feature B,0.809,98,154,22.4
2023-07-25,CUST_0013,Feature C,0.877,35,952,54.7
2023-08-24,CUST_0013,Feature B,0.902,15,914,54.9
2023-09-23,CUST_0013,Feature B,0.791,135,1137,36.6
2023-10-23,CUST_0013,Feature B,0.825,189,902,56.0
2023-11-22,CUST_0013,Feature D,0.938,104,1872,33.9
2022-01-01,CUST_0014,Feature D,0.704,127,1989,59.9
2022-01-31,CUST_0014,Feature C,0.717,44,1786,51.6
2022-03-02,CUST_0014,Feature C,0.645,114,312,55.8
2022-04-01,CUST_0014,Feature A,0.68,149,1968,45.7
2022-05-01,CUST_0014,Feature A,0.696,73,1660,50.1
2022-05-31,CUST_0014,Feature B,0.789,52,509,39.0
2022-06-30,CUST_0014,Feature A,0.772,60,265,35.3
2022-07-30,CUST_0014,Feature C,0.623,125,635,35.3
2022-08-29,CUST_0014,Feature B,0.697,199,568,56.9
2022-09-28,CUST_0014,Feature C,0.712,195,1393,59.9
2022-10-28,CUST_0014,Feature D,0.779,170,885,41.2
2022-11-27,CUST_0014,Feature A,0.647,65,438,56.5
2022-12-27,CUST_0014,Feature D,0.668,160,529,13.5
2023-01-26,CUST_0014,Feature B,0.663,102,1262,12.1
2023-02-25,CUST_0014,Feature B,0.62,169,68,57.7
2023-03-27,CUST_0014,Feature B,0.677,189,1479,54.2
2023-04-26,CUST_0014,Feature A,0.623,101,637,49.8
2023-05-26,CUST_0014,Feature A,0.793,173,638,9.1
2023-06-25,CUST_0014,Feature A,0.729,200,714,10.7
2023-07-25,CUST_0014,Feature B,0.664,19,1610,19.0
2023-08-24,CUST_0014,Feature A,0.631,160,305,49.0
2023-09-23,CUST_0014,Feature A,0.639,124,1027,12.3
2023-10-23,CUST_0014,Feature C,0.753,191,68,24.8
2023-11-22,CUST_0014,Feature C,0.616,176,1293,44.5
2022-01-01,CUST_0015,Feature D,0.287,51,557,39.4
2022-01-31,CUST_0015,Feature B,0.234,145,1338,20.0
2022-03-02,CUST_0015,Feature B,0.219,38,870,40.6
2022-04-01,CUST_0015,Feature D,0.276,76,830,34.4
2022-05-01,CUST_0015,Feature C,0.4,152,548,8.4
2022-05-31,CUST_0015,Feature D,0.302,44,274,12.6
2022-06-30,CUST_0015,Feature B,0.327,51,313,13.6
2022-07-30,CUST_0015,Feature B,0.364,185,1032,5.2
2022-08-29,CUST_0015,Feature B,0.363,193,1169,49.7
2022-09-28,CUST_0015,Feature B,0.337,78,359,44.3
2022-10-28,CUST_0015,Feature D,0.23,86,442,51.1
2022-11-27,CUST_0015,Feature C,0.206,117,212,53.7
2022-12-27,CUST_0015,Feature A,0.316,174,1473,34.9
2023-01-26,CUST_0015,Feature B,0.288,142,115,25.6
2023-02-25,CUST_0015,Feature A,0.292,167,1482,32.7
2023-03-27,CUST_0015,Feature B,0.39,9,256,57.7
2023-04-26,CUST_0015,Feature D,0.224,25,1360,49.0
2023-05-26,CUST_0015,Feature C,0.249,150,1502,38.3
2023-06-25,CUST_0015,Feature B,0.398,33,1549,52.3
2023-07-25,CUST_0015,Feature D,0.259,8,447,44.8
2023-08-24,CUST_0015,Feature C,0.212,167,1085,5.7
2023-09-23,CUST_0015,Feature B,0.217,77,1381,27.2
2023-10-23,CUST_0015,Feature B,0.357,67,865,9.6
2023-11-22,CUST_0015,Feature B,0.291,95,1834,38.1
2022-01-01,CUST_0016,Feature C,0.893,158,842,58.7
2022-01-31,CUST_0016,Feature C,0.926,161,1545,9.6
2022-03-02,CUST_0016,Feature C,0.954,34,1765,13.3
2022-04-01,CUST_0016,Feature A,0.833,126,388,31.9
2022-05-01,CUST_0016,Feature C,0.81,123,803,12.4
2022-05-31,CUST_0016,Feature A,0.959,24,389,46.3
2022-06-30,CUST_0016,Feature D,0.877,134,1097,16.5
2022-07-30,CUST_0016,Feature B,0.814,106,1362,29.0
2022-08-29,CUST_0016,Feature C,0.965,98,799,11.9
2022-09-28,CUST_0016,Feature C,0.853,137,433,26.7
2022-10-28,CUST_0016,Feature A,0.878,107,1123,17.2
2022-11-27,CUST_0016,Feature D,0.974,160,1117,27.1
2022-12-27,CUST_0016,Feature A,0.789,39,1959,8.8
2023-01-26,CUST_0016,Feature B,0.977,70,1371,32.7
2023-02-25,CUST_0016,Feature B,0.804,7,1288,36.1
2023-03-27,CUST_0016,Feature A,0.868,125,123,17.3
2023-04-26,CUST_0016,Feature D,0.838,36,1603,53.7
2023-05-26,CUST_0016,Feature A,0.792,58,1410,11.9
2023-06-25,CUST_0016,Feature B,0.863,83,244,42.2
2023-07-25,CUST_0016,Feature A,0.783,29,752,25.1
2023-08-24,CUST_0016,Feature D,0.897,47,1063,20.2
2023-09-23,CUST_0016,Feature D,0.962,115,1617,9.5
2023-10-23,CUST_0016,Feature C,0.801,139,712,12.1
2023-11-22,CUST_0016,Feature B,0.78,54,460,35.1
2022-01-01,CUST_0017,Feature D,0.914,147,1677,50.1
2022-01-31,CUST_0017,Feature B,0.892,16,508,15.2
2022-03-02,CUST_0017,Feature C,0.782,45,1274,32.5
2022-04-01,CUST_0017,Feature B,0.906,116,429,32.4
2022-05-01,CUST_0017,Feature A,0.777,54,281,56.0
2022-05-31,CUST_0017,Feature B,0.743,79,1914,13.4
2022-06-30,CUST_0017,Feature C,0.836,31,57,41.1
2022-07-30,CUST_0017,Feature B,0.759,198,495,23.9
2022-08-29,CUST_0017,Feature B,0.774,89,1873,54.6
2022-09-28,CUST_0017,Feature D,0.837,100,206,6.4
2022-10-28,CUST_0017,Feature B,0.741,108,106,56.1
2022-11-27,CUST_0017,Feature A,0.854,70,1436,11.1
2022-12-27,CUST_0017,Feature A,0.769,149,1787,6.5
2023-01-26,CUST_0017,Feature C,0.793,172,737,30.5
2023-02-25,CUST_0017,Feature B,0.901,155,325,41.1
2023-03-27,CUST_0017,Feature B,0.897,171,1279,12.1
2023-04-26,CUST_0017,Feature D,0.924,17,94,13.6
2023-05-26,CUST_0017,Feature B,0.785,19,1834,56.2
2023-06-25,CUST_0017,Feature C,0.895,81,705,39.6
2023-07-25,CUST_0017,Feature C,0.741,128,1877,21.4
2023-08-24,CUST_0017,Feature C,0.785,69,1886,29.1
2023-09-23,CUST_0017,Feature D,0.75,78,855,12.5
2023-10-23,CUST_0017,Feature A,0.744,41,1846,37.1
2023-11-22,CUST_0017,Feature B,0.795,194,1244,43.7
2022-01-01,CUST_0018,Feature D,0.716,190,190,53.7
2022-01-31,CUST_0018,Feature B,0.739,156,1990,5.1
2022-03-02,CUST_0018,Feature C,0.734,13,1387,24.8
2022-04-01,CUST_0018,Feature C,0.713,66,1601,44.9
2022-05-01,CUST_0018,Feature A,0.737,75,1533,43.0
2022-05-31,CUST_0018,Feature C,0.642,177,779,13.5
2022-06-30,CUST_0018,Feature B,0.669,7,280,20.0
2022-07-30,CUST_0018,Feature B,0.78,161,1318,51.2
2022-08-29,CUST_0018,Feature B,0.769,24,114,41.1
2022-09-28,CUST_0018,Feature C,0.727,46,732,11.6
2022-10-28,CUST_0018,Feature A,0.716,47,998,14.1
2022-11-27,CUST_0018,Feature C,0.658,165,1976,41.5
2022-12-27,CUST_0018,Feature C,0.657,141,1075,39.1
2023-01-26,CUST_0018,Feature B,0.653,188,475,6.8
2023-02-25,CUST_0018,Feature B,0.629,48,311,47.5
2023-03-27,CUST_0018,Feature D,0.671,177,1033,26.4
2023-04-26,CUST_0018,Feature D,0.617,109,848,31.6
2023-05-26,CUST_0018,Feature D,0.756,158,1872,18.8
2023-06-25,CUST_0018,Feature D,0.752,33,1335,39.7
2023-07-25,CUST_0018,Feature B,0.755,22,725,35.9
2023-08-24,CUST_0018,Feature D,0.72,86,685,34.2
2023-09-23,CUST_0018,Feature B,0.671,84,620,45.5
2023-10-23,CUST_0018,Feature A,0.67,186,1630,17.9
2023-11-22,CUST_0018,Feature A,0.739,43,1056,11.5
2022-01-01,CUST_0019,Feature C,0.652,8,1479,50.9
2022-01-31,CUST_0019,Feature A,0.554,22,1219,25.2
2022-03-02,CUST_0019,Feature B,0.614,144,651,31.1
2022-04-01,CUST_0019,Feature D,0.664,52,444,40.8
2022-05-01,CUST_0019,Feature B,0.69,148,228,36.5
2022-05-31,CUST_0019,Feature C,0.504,42,1436,18.7
2022-06-30,CUST_0019,Feature D,0.63,60,1058,13.0
2022-07-30,CUST_0019,Feature C,0.533,51,464,52.0
2022-08-29,CUST_0019,Feature C,0.54,47,764,31.2
2022-09-28,CUST_0019,Feature A,0.537,148,298,54.5
2022-10-28,CUST_0019,Feature B,0.665,9,864,31.3
2022-11-27,CUST_0019,Feature A,0.631,54,1812,11.5
2022-12-27,CUST_0019,Feature C,0.609,74,1202,39.1
2023-01-26,CUST_0019,Feature A,0.67,199,420,14.4
2023-02-25,CUST_0019,Feature D,0.695,41,1318,54.1
2023-03-27,CUST_0019,Feature B,0.51,143,98,12.0
2023-04-26,CUST_0019,Feature B,0.648,39,995,8.9
2023-05-26,CUST_0019,Feature B,0.515,135,544,50.1
2023-06-25,CUST_0019,Feature D,0.523,180,334,26.5
2023-07-25,CUST_0019,Feature B,0.499,200,1649,27.4
2023-08-24,CUST_0019,Feature B,0.669,115,871,38.4
2023-09-23,CUST_0019,Feature C,0.517,163,1176,46.7
2023-10-23,CUST_0019,Feature D,0.68,18,925,58.9
2023-11-22,CUST_0019,Feature A,0.663,184,557,23.8
2022-01-01,CUST_0020,Feature A,0.627,131,764,7.6
2022-01-31,CUST_0020,Feature C,0.7,136,1530,43.5
2022-03-02,CUST_0020,Feature C,0.727,188,1653,45.2
2022-04-01,CUST_0020,Feature D,0.667,99,1068,18.9
2022-05-01,CUST_0020,Feature D,0.729,17,1479,59.7
2022-05-31,CUST_0020,Feature D,0.618,118,735,56.6
2022-06-30,CUST_0020,Feature C,0.556,22,858,11.2
2022-07-30,CUST_0020,Feature C,0.572,58,1079,24.8
2022-08-29,CUST_0020,Feature A,0.612,62,1018,26.0
2022-09-28,CUST_0020,Feature C,0.575,169,1999,26.5
2022-10-28,CUST_0020,Feature D,0.668,148,1667,46.4
2022-11-27,CUST_0020,Feature A,0.695,189,1217,55.0
2022-12-27,CUST_0020,Feature C,0.636,97,1482,30.0
2023-01-26,CUST_0020,Feature B,0.622,193,1303,22.4
2023-02-25,CUST_0020,Feature B,0.708,188,473,52.7
2023-03-27,CUST_0020,Feature C,0.713,128,934,57.9
2023-04-26,CUST_0020,Feature A,0.71,196,1698,17.1
2023-05-26,CUST_0020,Feature D,0.577,146,1012,45.3
2023-06-25,CUST_0020,Feature B,0.663,132,712,45.8
2023-07-25,CUST_0020,Feature C,0.722,14,1910,47.5
2023-08-24,CUST_0020,Feature D,0.704,175,419,32.3
2023-09-23,CUST_0020,Feature B,0.722,137,193,44.2
2023-10-23,CUST_0020,Feature D,0.688,72,407,13.0
2023-11-22,CUST_0020,Feature A,0.587,154,1971,55.7
2022-01-01,CUST_0021,Feature D,0.526,21,130,10.6
2022-01-31,CUST_0021,Feature B,0.597,52,1330,37.0
2022-03-02,CUST_0021,Feature D,0.521,196,1813,11.1
2022-04-01,CUST_0021,Feature B,0.604,19,1284,46.5
2022-05-01,CUST_0021,Feature B,0.572,148,1602,19.3
2022-05-31,CUST_0021,Feature B,0.573,192,1315,27.3
2022-06-30,CUST_0021,Feature A,0.555,124,145,20.1
2022-07-30,CUST_0021,Feature B,0.607,137,1399,13.2
2022-08-29,CUST_0021,Feature A,0.453,155,1934,34.8
2022-09-28,CUST_0021,Feature A,0.609,63,175,23.0
2022-10-28,CUST_0021,Feature A,0.535,67,1176,26.1
2022-11-27,CUST_0021,Feature B,0.45,129,624,7.3
2022-12-27,CUST_0021,Feature D,0.499,59,1568,58.3
2023-01-26,CUST_0021,Feature B,0.517,9,1177,44.5
2023-02-25,CUST_0021,Feature B,0.524,175,1032,9.1
2023-03-27,CUST_0021,Feature C,0.549,180,1005,31.6
2023-04-26,CUST_0021,Feature A,0.433,88,1675,12.6
2023-05-26,CUST_0021,Feature C,0.573,73,884,53.6
2023-06-25,CUST_0021,Feature D,0.596,60,435,40.0
2023-07-25,CUST_0021,Feature A,0.455,98,536,46.0
2023-08-24,CUST_0021,Feature B,0.461,167,91,55.4
2023-09-23,CUST_0021,Feature A,0.46,65,1525,28.6
2023-10-23,CUST_0021,Feature A,0.604,131,134,18.4
2023-11-22,CUST_0021,Feature D,0.478,169,1671,35.8
2022-01-01,CUST_0022,Feature D,0.394,21,883,44.7
2022-01-31,CUST_0022,Feature C,0.514,111,810,56.4
2022-03-02,CUST_0022,Feature D,0.533,92,732,27.2
2022-04-01,CUST_0022,Feature C,0.404,85,1482,43.1
2022-05-01,CUST_0022,Feature D,0.408,191,1510,43.6
2022-05-31,CUST_0022,Feature B,0.429,142,1098,31.7
2022-06-30,CUST_0022,Feature D,0.48,119,862,45.5
2022-07-30,CUST_0022,Feature D,0.517,98,167,52.1
2022-08-29,CUST_0022,Feature C,0.426,25,1929,39.3
2022-09-28,CUST_0022,Feature B,0.406,98,1532,45.5
2022-10-28,CUST_0022,Feature A,0.506,54,423,38.3
2022-11-27,CUST_0022,Feature C,0.432,190,484,16.1
2022-12-27,CUST_0022,Feature C,0.448,7,1395,35.5
2023-01-26,CUST_0022,Feature C,0.501,95,1759,58.8
2023-02-25,CUST_0022,Feature D,0.429,116,1707,40.9
2023-03-27,CUST_0022,Feature C,0.584,131,1773,31.7
2023-04-26,CUST_0022,Feature B,0.414,160,946,28.2
2023-05-26,CUST_0022,Feature A,0.457,21,1430,22.2
2023-06-25,CUST_0022,Feature A,0.466,121,1476,57.2
2023-07-25,CUST_0022,Feature B,0.467,156,1171,53.0
2023-08-24,CUST_0022,Feature A,0.519,184,872,6.2
2023-09-23,CUST_0022,Feature C,0.419,75,1511,44.6
2023-10-23,CUST_0022,Feature D,0.442,66,472,22.0
2023-11-22,CUST_0022,Feature D,0.416,43,634,48.8
2022-01-01,CUST_0023,Feature D,0.61,149,737,37.0
2022-01-31,CUST_0023,Feature C,0.488,102,1196,7.0
2022-03-02,CUST_0023,Feature C,0.478,141,553,24.5
2022-04-01,CUST_0023,Feature A,0.616,118,549,43.3
2022-05-01,CUST_0023,Feature A,0.637,180,1046,29.9
2022-05-31,CUST_0023,Feature A,0.47,58,1856,37.8
2022-06-30,CUST_0023,Feature C,0.647,120,846,48.6
2022-07-30,CUST_0023,Feature A,0.501,198,1318,12.4
2022-08-29,CUST_0023,Feature A,0.646,72,729,10.0
2022-09-28,CUST_0023,Feature C,0.485,160,94,58.2
2022-10-28,CUST_0023,Feature B,0.522,23,1598,56.1
2022-11-27,CUST_0023,Feature B,0.639,163,1323,27.7
2022-12-27,CUST_0023,Feature C,0.651,20,745,24.7
2023-01-26,CUST_0023,Feature B,0.617,186,1967,47.4
2023-02-25,CUST_0023,Feature A,0.543,21,1784,38.3
2023-03-27,CUST_0023,Feature B,0.648,92,1928,54.2
2023-04-26,CUST_0023,Feature C,0.599,105,773,29.5
2023-05-26,CUST_0023,Feature B,0.488,149,1088,32.6
2023-06-25,CUST_0023,Feature A,0.613,71,746,37.6
2023-07-25,CUST_0023,Feature A,0.661,81,1282,24.8
2023-08-24,CUST_0023,Feature B,0.658,46,52,48.9
2023-09-23,CUST_0023,Feature B,0.47,171,293,57.6
2023-10-23,CUST_0023,Feature C,0.641,69,1618,57.6
2023-11-22,CUST_0023,Feature C,0.574,141,76,56.8
2022-01-01,CUST_0024,Feature D,0.777,62,1525,21.8
2022-01-31,CUST_0024,Feature D,0.822,155,965,49.6
2022-03-02,CUST_0024,Feature D,0.832,79,1367,16.2
2022-04-01,CUST_0024,Feature B,0.776,106,1804,43.6
2022-05-01,CUST_0024,Feature C,0.767,183,741,43.5
2022-05-31,CUST_0024,Feature C,0.663,102,1865,49.6
2022-06-30,CUST_0024,Feature D,0.645,44,1520,58.8
2022-07-30,CUST_0024,Feature C,0.775,85,1580,30.5
2022-08-29,CUST_0024,Feature D,0.666,151,484,7.6
2022-09-28,CUST_0024,Feature A,0.661,171,529,58.6
2022-10-28,CUST_0024,Feature D,0.711,123,196,22.8
2022-11-27,CUST_0024,Feature B,0.663,121,573,45.9
2022-12-27,CUST_0024,Feature D,0.805,145,1078,19.1
2023-01-26,CUST_0024,Feature C,0.675,107,1932,16.0
2023-02-25,CUST_0024,Feature C,0.791,92,133,20.3
2023-03-27,CUST_0024,Feature C,0.715,74,718,33.6
2023-04-26,CUST_0024,Feature B,0.673,61,1145,9.9
2023-05-26,CUST_0024,Feature C,0.671,150,643,54.9
2023-06-25,CUST_0024,Feature C,0.687,170,1700,25.3
2023-07-25,CUST_0024,Feature A,0.759,167,1141,28.0
2023-08-24,CUST_0024,Feature A,0.831,14,969,7.2
2023-09-23,CUST_0024,Feature B,0.817,12,1997,46.0
2023-10-23,CUST_0024,Feature D,0.829,116,168,44.9
2023-11-22,CUST_0024,Feature D,0.741,91,1355,23.2
2022-01-01,CUST_0025,Feature D,0.831,131,420,21.0
2022-01-31,CUST_0025,Feature D,0.81,6,789,28.3
2022-03-02,CUST_0025,Feature D,0.904,172,1457,46.8
2022-04-01,CUST_0025,Feature B,0.835,98,356,49.1
2022-05-01,CUST_0025,Feature B,0.852,191,443,38.0
2022-05-31,CUST_0025,Feature A,0.885,60,1612,28.8
2022-06-30,CUST_0025,Feature C,0.896,30,1967,41.9
2022-07-30,CUST_0025,Feature B,0.845,126,1029,57.4
2022-08-29,CUST_0025,Feature A,0.852,49,1120,21.8
2022-09-28,CUST_0025,Feature C,0.867,94,1066,11.9
2022-10-28,CUST_0025,Feature A,0.896,154,1223,36.1
2022-11-27,CUST_0025,Feature B,0.912,187,1022,25.5
2022-12-27,CUST_0025,Feature D,0.867,129,1215,12.1
2023-01-26,CUST_0025,Feature C,0.827,66,1737,33.6
2023-02-25,CUST_0025,Feature A,0.739,157,689,30.2
2023-03-27,CUST_0025,Feature D,0.789,196,1962,13.2
2023-04-26,CUST_0025,Feature A,0.837,35,1340,11.3
2023-05-26,CUST_0025,Feature B,0.854,191,1774,9.7
2023-06-25,CUST_0025,Feature C,0.885,36,1692,35.4
2023-07-25,CUST_0025,Feature D,0.768,17,1095,47.1
2023-08-24,CUST_0025,Feature D,0.755,186,107,10.3
2023-09-23,CUST_0025,Feature C,0.857,54,1668,50.0
2023-10-23,CUST_0025,Feature D,0.831,22,1342,26.6
2023-11-22,CUST_0025,Feature D,0.732,69,1456,10.1
2022-01-01,CUST_0026,Feature B,0.849,162,973,59.9
2022-01-31,CUST_0026,Feature D,0.801,172,1221,58.0
2022-03-02,CUST_0026,Feature A,0.779,179,71,23.4
2022-04-01,CUST_0026,Feature C,0.738,101,1549,37.9
2022-05-01,CUST_0026,Feature D,0.752,21,724,34.7
2022-05-31,CUST_0026,Feature D,0.892,185,635,57.5
2022-06-30,CUST_0026,Feature A,0.912,44,1049,30.6
2022-07-30,CUST_0026,Feature A,0.907,76,1745,58.6
2022-08-29,CUST_0026,Feature B,0.863,170,827,23.3
2022-09-28,CUST_0026,Feature C,0.834,132,1134,46.4
2022-10-28,CUST_0026,Feature D,0.807,172,777,25.4
2022-11-27,CUST_0026,Feature C,0.76,40,506,29.4
2022-12-27,CUST_0026,Feature B,0.907,67,1179,54.7
2023-01-26,CUST_0026,Feature D,0.828,16,1223,48.5
2023-02-25,CUST_0026,Feature A,0.799,25,1762,24.1
2023-03-27,CUST_0026,Feature C,0.923,28,1524,25.7
2023-04-26,CUST_0026,Feature D,0.758,24,1121,39.4
2023-05-26,CUST_0026,Feature C,0.733,44,1260,5.2
2023-06-25,CUST_0026,Feature A,0.783,97,1839,57.3
2023-07-25,CUST_0026,Feature A,0.796,199,1485,49.9
2023-08-24,CUST_0026,Feature D,0.788,54,607,22.7
2023-09-23,CUST_0026,Feature C,0.898,29,947,25.4
2023-10-23,CUST_0026,Feature B,0.816,126,545,45.7
2023-11-22,CUST_0026,Feature B,0.922,120,1918,5.1
2022-01-01,CUST_0027,Feature A,0.407,145,889,41.8
2022-01-31,CUST_0027,Feature B,0.332,109,819,39.7
2022-03-02,CUST_0027,Feature C,0.352,113,852,26.3
2022-04-01,CUST_0027,Feature D,0.469,67,1734,46.4
2022-05-01,CUST_0027,Feature A,0.421,84,152,23.1
2022-05-31,CUST_0027,Feature C,0.433,159,86,8.9
2022-06-30,CUST_0027,Feature A,0.334,15,1116,20.6
2022-07-30,CUST_0027,Feature A,0.424,145,397,19.5
2022-08-29,CUST_0027,Feature A,0.48,129,119,34.7
2022-09-28,CUST_0027,Feature A,0.332,85,1989,8.9
2022-10-28,CUST_0027,Feature A,0.415,146,1500,55.9
2022-11-27,CUST_0027,Feature A,0.306,178,1968,7.6
2022-12-27,CUST_0027,Feature C,0.402,167,440,48.3
2023-01-26,CUST_0027,Feature D,0.329,175,583,50.0
2023-02-25,CUST_0027,Feature C,0.448,17,1137,8.7
2023-03-27,CUST_0027,Feature C,0.471,149,138,28.5
2023-04-26,CUST_0027,Feature C,0.324,176,89,52.0
2023-05-26,CUST_0027,Feature B,0.487,47,696,16.5
2023-06-25,CUST_0027,Feature A,0.358,109,540,18.3
2023-07-25,CUST_0027,Feature C,0.489,106,721,43.6
2023-08-24,CUST_0027,Feature D,0.341,40,1552,53.7
2023-09-23,CUST_0027,Feature B,0.38,77,648,46.9
2023-10-23,CUST_0027,Feature D,0.352,98,1657,21.9
2023-11-22,CUST_0027,Feature A,0.423,57,1879,7.5
2022-01-01,CUST_0028,Feature C,0.819,151,1666,48.1
2022-01-31,CUST_0028,Feature D,0.938,39,1768,51.7
2022-03-02,CUST_0028,Feature A,0.818,147,744,15.8
2022-04-01,CUST_0028,Feature A,0.922,165,621,7.7
2022-05-01,CUST_0028,Feature C,0.825,86,1426,26.8
2022-05-31,CUST_0028,Feature D,0.845,12,1484,32.7
2022-06-30,CUST_0028,Feature D,0.908,44,437,10.1
2022-07-30,CUST_0028,Feature A,0.765,173,1699,13.5
2022-08-29,CUST_0028,Feature B,0.773,138,1745,7.8
2022-09-28,CUST_0028,Feature C,0.893,146,601,28.6
2022-10-28,CUST_0028,Feature A,0.786,44,267,51.7
2022-11-27,CUST_0028,Feature D,0.776,69,1563,49.7
2022-12-27,CUST_0028,Feature B,0.849,109,1157,14.2
2023-01-26,CUST_0028,Feature C,0.806,137,222,30.3
2023-02-25,CUST_0028,Feature C,0.853,123,1609,40.9
2023-03-27,CUST_0028,Feature C,0.904,160,74,55.1
2023-04-26,CUST_0028,Feature A,0.755,46,206,57.6
2023-05-26,CUST_0028,Feature C,0.862,93,1519,44.8
2023-06-25,CUST_0028,Feature D,0.881,173,1586,48.3
2023-07-25,CUST_0028,Feature C,0.815,20,56,36.9
2023-08-24,CUST_0028,Feature A,0.842,53,892,57.9
2023-09-23,CUST_0028,Feature B,0.823,148,987,12.8
2023-10-23,CUST_0028,Feature B,0.85,101,498,41.5
2023-11-22,CUST_0028,Feature B,0.884,193,1065,45.0
2022-01-01,CUST_0029,Feature D,0.842,74,1857,44.3
2022-01-31,CUST_0029,Feature D,0.926,110,795,57.8
2022-03-02,CUST_0029,Feature D,0.797,95,1518,44.9
2022-04-01,CUST_0029,Feature C,0.779,157,587,32.4
2022-05-01,CUST_0029,Feature C,0.873,34,1125,44.1
2022-05-31,CUST_0029,Feature C,0.816,145,420,52.2
2022-06-30,CUST_0029,Feature A,0.967,23,1435,27.6
2022-07-30,CUST_0029,Feature D,0.873,192,706,32.2
2022-08-29,CUST_0029,Feature A,0.8,55,1881,59.1
2022-09-28,CUST_0029,Feature B,0.904,36,1511,52.5
2022-10-28,CUST_0029,Feature D,0.792,145,1158,6.6
2022-11-27,CUST_0029,Feature B,0.815,63,1753,44.5
2022-12-27,CUST_0029,Feature A,0.786,120,671,40.1
2023-01-26,CUST_0029,Feature D,0.972,79,874,19.8
2023-02-25,CUST_0029,Feature C,0.97,193,398,45.1
2023-03-27,CUST_0029,Feature C,0.935,52,309,45.9
2023-04-26,CUST_0029,Feature A,0.871,192,1996,55.7
2023-05-26,CUST_0029,Feature D,0.96,196,74,50.4
2023-06-25,CUST_0029,Feature A,0.838,71,1455,50.6
2023-07-25,CUST_0029,Feature B,0.974,147,1938,12.0
2023-08-24,CUST_0029,Feature D,0.957,143,426,14.7
2023-09-23,CUST_0029,Feature C,0.877,172,1715,48.3
2023-10-23,CUST_0029,Feature D,0.973,194,722,50.6
2023-11-22,CUST_0029,Feature C,0.807,116,1637,44.5
2022-01-01,CUST_0030,Feature A,0.747,172,1595,54.3
2022-01-31,CUST_0030,Feature D,0.662,157,1740,46.6
2022-03-02,CUST_0030,Feature D,0.708,189,1740,59.8
2022-04-01,CUST_0030,Feature B,0.723,88,1053,11.4
2022-05-01,CUST_0030,Feature B,0.712,126,628,17.8
2022-05-31,CUST_0030,Feature A,0.654,130,1317,28.8
2022-06-30,CUST_0030,Feature A,0.74,164,199,50.3
2022-07-30,CUST_0030,Feature D,0.713,95,1861,54.4
2022-08-29,CUST_0030,Feature A,0.65,16,1021,43.5
2022-09-28,CUST_0030,Feature C,0.762,28,1931,10.3
2022-10-28,CUST_0030,Feature B,0.622,40,707,40.9
2022-11-27,CUST_0030,Feature C,0.638,149,214,56.7
2022-12-27,CUST_0030,Feature D,0.681,87,1920,52.1
2023-01-26,CUST_0030,Feature B,0.687,125,478,52.5
2023-02-25,CUST_0030,Feature B,0.786,28,937,53.9
2023-03-27,CUST_0030,Feature B,0.683,185,1149,47.1
2023-04-26,CUST_0030,Feature C,0.683,58,686,39.4
2023-05-26,CUST_0030,Feature B,0.727,54,273,15.9
2023-06-25,CUST_0030,Feature A,0.72,67,1083,45.2
2023-07-25,CUST_0030,Feature C,0.626,143,1477,9.6
2023-08-24,CUST_0030,Feature A,0.669,12,1825,42.8
2023-09-23,CUST_0030,Feature B,0.738,127,1220,21.7
2023-10-23,CUST_0030,Feature A,0.725,168,871,28.6
2023-11-22,CUST_0030,Feature D,0.683,84,1581,19.1
2022-01-01,CUST_0031,Feature D,0.489,127,587,38.7
2022-01-31,CUST_0031,Feature B,0.332,84,899,48.6
2022-03-02,CUST_0031,Feature C,0.501,91,1793,5.9
2022-04-01,CUST_0031,Feature A,0.373,150,1912,22.2
2022-05-01,CUST_0031,Feature B,0.502,137,1760,53.2
2022-05-31,CUST_0031,Feature B,0.415,93,1459,10.0
2022-06-30,CUST_0031,Feature D,0.335,43,1077,20.4
2022-07-30,CUST_0031,Feature C,0.392,42,1515,49.5
2022-08-29,CUST_0031,Feature D,0.458,44,1882,52.2
2022-09-28,CUST_0031,Feature B,0.407,164,388,23.3
2022-10-28,CUST_0031,Feature A,0.44,68,1799,45.7
2022-11-27,CUST_0031,Feature C,0.478,36,680,55.9
2022-12-27,CUST_0031,Feature D,0.434,192,964,22.5
2023-01-26,CUST_0031,Feature C,0.407,81,782,9.6
2023-02-25,CUST_0031,Feature B,0.357,67,1302,46.1
2023-03-27,CUST_0031,Feature D,0.444,18,1253,16.4
2023-04-26,CUST_0031,Feature C,0.353,40,60,6.5
2023-05-26,CUST_0031,Feature A,0.429,92,459,27.8
2023-06-25,CUST_0031,Feature D,0.327,164,1101,24.1
2023-07-25,CUST_0031,Feature C,0.342,35,1124,13.5
2023-08-24,CUST_0031,Feature B,0.434,51,572,35.8
2023-09-23,CUST_0031,Feature D,0.464,21,392,36.9
2023-10-23,CUST_0031,Feature A,0.34,165,1076,46.2
2023-11-22,CUST_0031,Feature A,0.337,70,507,12.4
2022-01-01,CUST_0032,Feature A,0.888,95,181,25.1
2022-01-31,CUST_0032,Feature D,0.751,89,1696,58.3
2022-03-02,CUST_0032,Feature D,0.769,116,1014,10.0
2022-04-01,CUST_0032,Feature C,0.715,119,554,46.1
2022-05-01,CUST_0032,Feature A,0.84,198,1218,21.3
2022-05-31,CUST_0032,Feature C,0.812,61,828,18.8
2022-06-30,CUST_0032,Feature A,0.837,26,923,16.2
2022-07-30,CUST_0032,Feature C,0.786,175,1295,43.8
2022-08-29,CUST_0032,Feature B,0.74,95,644,17.3
2022-09-28,CUST_0032,Feature A,0.8,45,1401,15.7
2022-10-28,CUST_0032,Feature B,0.757,190,1736,8.3
2022-11-27,CUST_0032,Feature D,0.746,165,1933,31.9
2022-12-27,CUST_0032,Feature C,0.808,29,1743,59.0
2023-01-26,CUST_0032,Feature C,0.714,79,1950,37.8
2023-02-25,CUST_0032,Feature D,0.854,66,1381,54.5
2023-03-27,CUST_0032,Feature D,0.85,54,329,45.7
2023-04-26,CUST_0032,Feature B,0.786,123,1181,8.8
2023-05-26,CUST_0032,Feature D,0.896,125,1212,9.4
2023-06-25,CUST_0032,Feature B,0.748,158,1595,27.6
2023-07-25,CUST_0032,Feature D,0.815,106,1889,29.4
2023-08-24,CUST_0032,Feature C,0.797,40,778,35.5
2023-09-23,CUST_0032,Feature A,0.781,140,1497,24.3
2023-10-23,CUST_0032,Feature B,0.812,156,1112,30.3
2023-11-22,CUST_0032,Feature D,0.724,144,1205,35.8
2022-01-01,CUST_0033,Feature A,0.33,74,1184,14.1
2022-01-31,CUST_0033,Feature B,0.359,17,1045,51.2
2022-03-02,CUST_0033,Feature B,0.353,96,1885,37.0
2022-04-01,CUST_0033,Feature A,0.383,146,1679,23.4
2022-05-01,CUST_0033,Feature A,0.422,78,1008,41.9
2022-05-31,CUST_0033,Feature D,0.268,113,1242,41.0
2022-06-30,CUST_0033,Feature D,0.258,94,1096,36.1
2022-07-30,CUST_0033,Feature D,0.345,92,1405,27.5
2022-08-29,CUST_0033,Feature D,0.398,25,1445,8.3
2022-09-28,CUST_0033,Feature A,0.372,95,735,34.4
2022-10-28,CUST_0033,Feature D,0.343,43,1798,52.1
2022-11-27,CUST_0033,Feature B,0.292,176,197,35.2
2022-12-27,CUST_0033,Feature D,0.43,98,1292,34.8
2023-01-26,CUST_0033,Feature A,0.277,137,274,57.4
2023-02-25,CUST_0033,Feature C,0.356,109,984,18.9
2023-03-27,CUST_0033,Feature C,0.324,135,1164,6.2
2023-04-26,CUST_0033,Feature B,0.311,18,1806,7.7
2023-05-26,CUST_0033,Feature C,0.261,173,1184,20.9
2023-06-25,CUST_0033,Feature A,0.372,190,128,21.1
2023-07-25,CUST_0033,Feature B,0.316,54,715,59.7
2023-08-24,CUST_0033,Feature A,0.382,54,1811,18.1
2023-09-23,CUST_0033,Feature A,0.286,196,1849,58.7
2023-10-23,CUST_0033,Feature D,0.405,190,946,24.2
2023-11-22,CUST_0033,Feature D,0.395,85,1619,36.9
2022-01-01,CUST_0034,Feature C,0.39,13,1663,51.2
2022-01-31,CUST_0034,Feature B,0.411,22,1478,7.9
2022-03-02,CUST_0034,Feature D,0.433,158,194,30.8
2022-04-01,CUST_0034,Feature C,0.347,165,1823,5.3
2022-05-01,CUST_0034,Feature D,0.463,91,605,40.0
2022-05-31,CUST_0034,Feature A,0.479,95,1299,55.7
2022-06-30,CUST_0034,Feature A,0.452,126,1314,52.4
2022-07-30,CUST_0034,Feature C,0.335,151,1903,55.2
2022-08-29,CUST_0034,Feature D,0.327,12,1027,10.9
2022-09-28,CUST_0034,Feature A,0.401,37,1949,56.2
2022-10-28,CUST_0034,Feature C,0.359,168,292,26.8
2022-11-27,CUST_0034,Feature D,0.444,48,1050,50.0
2022-12-27,CUST_0034,Feature C,0.39,85,1420,15.8
2023-01-26,CUST_0034,Feature C,0.52,92,1102,35.5
2023-02-25,CUST_0034,Feature A,0.502,166,610,24.3
2023-03-27,CUST_0034,Feature D,0.366,72,188,24.7
2023-04-26,CUST_0034,Feature C,0.494,66,1568,10.3
2023-05-26,CUST_0034,Feature C,0.443,34,1190,15.4
2023-06-25,CUST_0034,Feature D,0.424,61,830,37.5
2023-07-25,CUST_0034,Feature C,0.455,23,119,36.9
2023-08-24,CUST_0034,Feature D,0.474,23,881,38.2
2023-09-23,CUST_0034,Feature D,0.378,66,1900,39.4
2023-10-23,CUST_0034,Feature D,0.377,36,1787,34.7
2023-11-22,CUST_0034,Feature C,0.401,99,1556,23.9
2022-01-01,CUST_0035,Feature C,0.697,12,1087,8.9
2022-01-31,CUST_0035,Feature C,0.625,178,1741,19.7
2022-03-02,CUST_0035,Feature A,0.668,65,403,11.8
2022-04-01,CUST_0035,Feature C,0.696,190,89,27.0
2022-05-01,CUST_0035,Feature D,0.606,15,329,40.8
2022-05-31,CUST_0035,Feature A,0.604,98,964,28.7
2022-06-30,CUST_0035,Feature A,0.716,13,271,34.5
2022-07-30,CUST_0035,Feature B,0.569,178,1962,21.5
2022-08-29,CUST_0035,Feature C,0.555,82,1092,58.6
2022-09-28,CUST_0035,Feature A,0.644,126,1174,28.2
2022-10-28,CUST_0035,Feature C,0.58,16,1468,13.2
2022-11-27,CUST_0035,Feature D,0.558,17,901,46.9
2022-12-27,CUST_0035,Feature B,0.743,162,820,54.2
2023-01-26,CUST_0035,Feature C,0.565,106,1648,36.6
2023-02-25,CUST_0035,Feature A,0.643,93,678,13.5
2023-03-27,CUST_0035,Feature A,0.644,199,1613,15.9
2023-04-26,CUST_0035,Feature C,0.636,128,1784,43.7
2023-05-26,CUST_0035,Feature D,0.56,124,1801,38.8
2023-06-25,CUST_0035,Feature B,0.553,19,894,13.5
2023-07-25,CUST_0035,Feature D,0.551,111,846,36.6
2023-08-24,CUST_0035,Feature B,0.608,53,1113,11.2
2023-09-23,CUST_0035,Feature B,0.659,59,1365,16.2
2023-10-23,CUST_0035,Feature A,0.743,97,425,49.3
2023-11-22,CUST_0035,Feature A,0.686,58,1288,33.2
2022-01-01,CUST_0036,Feature C,0.264,38,1388,59.0
2022-01-31,CUST_0036,Feature A,0.34,101,1927,37.8
2022-03-02,CUST_0036,Feature B,0.273,184,1248,34.0
2022-04-01,CUST_0036,Feature A,0.337,130,183,59.0
2022-05-01,CUST_0036,Feature D,0.37,21,1796,12.4
2022-05-31,CUST_0036,Feature A,0.435,101,844,31.5
2022-06-30,CUST_0036,Feature A,0.403,174,345,8.2
2022-07-30,CUST_0036,Feature C,0.285,159,1192,13.4
2022-08-29,CUST_0036,Feature A,0.309,153,581,26.5
2022-09-28,CUST_0036,Feature D,0.342,178,71,53.3
2022-10-28,CUST_0036,Feature B,0.385,33,1915,55.5
2022-11-27,CUST_0036,Feature D,0.437,168,1785,40.5
2022-12-27,CUST_0036,Feature D,0.378,92,1480,56.3
2023-01-26,CUST_0036,Feature B,0.283,142,1246,40.2
2023-02-25,CUST_0036,Feature D,0.431,134,1314,38.3
2023-03-27,CUST_0036,Feature D,0.336,155,1571,45.1
2023-04-26,CUST_0036,Feature C,0.414,15,1684,32.2
2023-05-26,CUST_0036,Feature B,0.264,141,1377,40.6
2023-06-25,CUST_0036,Feature D,0.323,161,166,13.6
2023-07-25,CUST_0036,Feature B,0.253,144,1744,13.6
2023-08-24,CUST_0036,Feature C,0.413,90,1310,23.4
2023-09-23,CUST_0036,Feature A,0.384,144,1310,10.9
2023-10-23,CUST_0036,Feature D,0.338,188,304,20.5
2023-11-22,CUST_0036,Feature A,0.297,68,727,28.0
2022-01-01,CUST_0037,Feature C,0.321,80,1267,50.4
2022-01-31,CUST_0037,Feature D,0.264,74,1150,37.6
2022-03-02,CUST_0037,Feature B,0.34,41,1144,42.2
2022-04-01,CUST_0037,Feature D,0.278,116,400,38.8
2022-05-01,CUST_0037,Feature B,0.406,54,556,21.9
2022-05-31,CUST_0037,Feature A,0.352,38,1121,39.4
2022-06-30,CUST_0037,Feature D,0.359,7,744,53.5
2022-07-30,CUST_0037,Feature A,0.343,175,348,20.4
2022-08-29,CUST_0037,Feature C,0.405,131,1360,21.0
2022-09-28,CUST_0037,Feature A,0.301,21,104,55.7
2022-10-28,CUST_0037,Feature B,0.31,33,323,38.7
2022-11-27,CUST_0037,Feature D,0.386,174,1359,51.2
2022-12-27,CUST_0037,Feature B,0.414,178,572,13.2
2023-01-26,CUST_0037,Feature C,0.331,103,556,30.9
2023-02-25,CUST_0037,Feature B,0.238,61,459,36.1
2023-03-27,CUST_0037,Feature A,0.384,21,1451,35.2
2023-04-26,CUST_0037,Feature B,0.286,113,1803,50.2
2023-05-26,CUST_0037,Feature D,0.397,122,1960,18.4
2023-06-25,CUST_0037,Feature D,0.32,181,1640,49.6
2023-07-25,CUST_0037,Feature D,0.378,20,1373,8.9
2023-08-24,CUST_0037,Feature B,0.385,71,178,56.1
2023-09-23,CUST_0037,Feature C,0.301,21,280,17.3
2023-10-23,CUST_0037,Feature D,0.237,8,258,7.4
2023-11-22,CUST_0037,Feature A,0.277,45,1648,39.2
2022-01-01,CUST_0038,Feature A,0.629,175,1749,17.7
2022-01-31,CUST_0038,Feature A,0.612,115,1888,38.1
2022-03-02,CUST_0038,Feature A,0.635,149,1473,47.1
2022-04-01,CUST_0038,Feature C,0.608,121,1320,27.1
2022-05-01,CUST_0038,Feature D,0.675,159,1667,40.6
2022-05-31,CUST_0038,Feature C,0.662,20,1746,15.8
2022-06-30,CUST_0038,Feature D,0.663,68,1441,18.7
2022-07-30,CUST_0038,Feature B,0.592,131,86,45.0
2022-08-29,CUST_0038,Feature B,0.678,165,1053,49.9
2022-09-28,CUST_0038,Feature C,0.654,14,1888,33.8
2022-10-28,CUST_0038,Feature D,0.653,63,820,9.8
2022-11-27,CUST_0038,Feature A,0.523,140,393,22.6
2022-12-27,CUST_0038,Feature D,0.681,6,223,17.4
2023-01-26,CUST_0038,Feature C,0.656,78,604,49.2
2023-02-25,CUST_0038,Feature D,0.532,29,1989,58.1
2023-03-27,CUST_0038,Feature B,0.519,103,1601,49.0
2023-04-26,CUST_0038,Feature B,0.54,94,1219,11.7
2023-05-26,CUST_0038,Feature D,0.561,50,343,8.8
2023-06-25,CUST_0038,Feature D,0.608,100,1734,38.4
2023-07-25,CUST_0038,Feature C,0.577,173,1488,13.8
2023-08-24,CUST_0038,Feature C,0.65,55,1562,16.7
2023-09-23,CUST_0038,Feature A,0.575,50,945,55.5
2023-10-23,CUST_0038,Feature D,0.644,144,1802,44.8
2023-11-22,CUST_0038,Feature A,0.523,127,1524,42.9
2022-01-01,CUST_0039,Feature C,0.49,147,1971,22.6
2022-01-31,CUST_0039,Feature C,0.597,102,133,25.9
2022-03-02,CUST_0039,Feature C,0.532,180,174,56.2
2022-04-01,CUST_0039,Feature D,0.613,78,145,36.8
2022-05-01,CUST_0039,Feature D,0.471,95,1371,56.3
2022-05-31,CUST_0039,Feature D,0.536,84,1770,30.4
2022-06-30,CUST_0039,Feature B,0.526,153,505,26.1
2022-07-30,CUST_0039,Feature A,0.439,161,1792,18.8
2022-08-29,CUST_0039,Feature A,0.448,146,870,54.9
2022-09-28,CUST_0039,Feature C,0.475,133,452,21.3
2022-10-28,CUST_0039,Feature C,0.571,63,422,23.9
2022-11-27,CUST_0039,Feature A,0.502,36,1679,20.8
2022-12-27,CUST_0039,Feature D,0.573,25,214,7.1
2023-01-26,CUST_0039,Feature D,0.496,76,1800,24.4
2023-02-25,CUST_0039,Feature D,0.479,194,53,58.7
2023-03-27,CUST_0039,Feature C,0.574,152,1443,54.9
2023-04-26,CUST_0039,Feature B,0.57,150,1269,52.8
2023-05-26,CUST_0039,Feature C,0.564,17,617,52.7
2023-06-25,CUST_0039,Feature C,0.45,154,1420,22.5
2023-07-25,CUST_0039,Feature B,0.594,117,1805,28.3
2023-08-24,CUST_0039,Feature A,0.606,100,1517,21.8
2023-09-23,CUST_0039,Feature C,0.514,187,706,52.7
2023-10-23,CUST_0039,Feature A,0.603,140,1577,38.3
2023-11-22,CUST_0039,Feature A,0.529,199,1459,22.8
2022-01-01,CUST_0040,Feature C,0.435,77,1393,9.5
2022-01-31,CUST_0040,Feature B,0.431,77,1414,19.1
2022-03-02,CUST_0040,Feature B,0.248,65,1231,56.7
2022-04-01,CUST_0040,Feature B,0.346,176,529,47.6
2022-05-01,CUST_0040,Feature B,0.306,157,1715,15.7
2022-05-31,CUST_0040,Feature A,0.263,177,1168,28.5
2022-06-30,CUST_0040,Feature C,0.349,148,1138,9.0
2022-07-30,CUST_0040,Feature B,0.304,126,659,32.4
2022-08-29,CUST_0040,Feature A,0.303,13,1648,23.0
2022-09-28,CUST_0040,Feature C,0.264,45,689,42.8
2022-10-28,CUST_0040,Feature A,0.258,195,1285,27.3
2022-11-27,CUST_0040,Feature B,0.252,130,818,46.0
2022-12-27,CUST_0040,Feature C,0.324,161,1848,53.2
2023-01-26,CUST_0040,Feature C,0.342,124,1842,7.9
2023-02-25,CUST_0040,Feature B,0.432,31,192,43.1
2023-03-27,CUST_0040,Feature A,0.332,20,401,36.0
2023-04-26,CUST_0040,Feature A,0.283,123,855,17.3
2023-05-26,CUST_0040,Feature B,0.341,74,703,49.3
2023-06-25,CUST_0040,Feature B,0.261,141,967,59.8
2023-07-25,CUST_0040,Feature B,0.351,120,1210,50.3
2023-08-24,CUST_0040,Feature A,0.25,189,1542,7.5
2023-09-23,CUST_0040,Feature C,0.257,172,1905,8.2
2023-10-23,CUST_0040,Feature C,0.385,45,155,30.5
2023-11-22,CUST_0040,Feature A,0.273,109,1283,58.1
2022-01-01,CUST_0041,Feature D,0.604,88,234,7.1
2022-01-31,CUST_0041,Feature B,0.526,142,1281,36.0
2022-03-02,CUST_0041,Feature B,0.45,200,560,59.5
2022-04-01,CUST_0041,Feature D,0.531,94,1846,14.2
2022-05-01,CUST_0041,Feature B,0.549,115,708,48.9
2022-05-31,CUST_0041,Feature B,0.614,59,188,28.3
2022-06-30,CUST_0041,Feature B,0.619,123,78,25.9
2022-07-30,CUST_0041,Feature D,0.564,112,1364,19.9
2022-08-29,CUST_0041,Feature A,0.595,35,1827,38.0
2022-09-28,CUST_0041,Feature A,0.63,39,1810,40.5
2022-10-28,CUST_0041,Feature B,0.519,180,1737,31.5
2022-11-27,CUST_0041,Feature B,0.582,54,1308,46.2
2022-12-27,CUST_0041,Feature C,0.524,71,167,10.7
2023-01-26,CUST_0041,Feature B,0.606,192,562,45.1
2023-02-25,CUST_0041,Feature B,0.476,141,1092,54.0
2023-03-27,CUST_0041,Feature C,0.601,103,558,12.9
2023-04-26,CUST_0041,Feature A,0.465,103,1143,10.0
2023-05-26,CUST_0041,Feature D,0.531,186,1495,57.9
2023-06-25,CUST_0041,Feature B,0.461,199,1895,45.3
2023-07-25,CUST_0041,Feature D,0.564,127,1988,45.2
2023-08-24,CUST_0041,Feature C,0.603,133,1581,49.5
2023-09-23,CUST_0041,Feature D,0.605,148,741,36.3
2023-10-23,CUST_0041,Feature B,0.512,116,1968,39.4
2023-11-22,CUST_0041,Feature A,0.497,78,1873,8.8
2022-01-01,CUST_0042,Feature B,0.606,140,1665,49.1
2022-01-31,CUST_0042,Feature A,0.505,37,148,30.2
2022-03-02,CUST_0042,Feature B,0.612,127,1342,22.4
2022-04-01,CUST_0042,Feature D,0.666,36,1257,53.0
2022-05-01,CUST_0042,Feature D,0.661,143,729,23.3
2022-05-31,CUST_0042,Feature C,0.528,120,1995,10.6
2022-06-30,CUST_0042,Feature B,0.534,69,401,15.3
2022-07-30,CUST_0042,Feature B,0.544,39,516,49.2
2022-08-29,CUST_0042,Feature D,0.647,164,1112,9.3
2022-09-28,CUST_0042,Feature D,0.651,108,400,25.6
2022-10-28,CUST_0042,Feature B,0.566,36,459,16.9
2022-11-27,CUST_0042,Feature A,0.653,92,1033,35.6
2022-12-27,CUST_0042,Feature A,0.548,75,389,9.8
2023-01-26,CUST_0042,Feature C,0.693,185,1555,56.1
2023-02-25,CUST_0042,Feature D,0.689,34,1774,8.7
2023-03-27,CUST_0042,Feature C,0.693,196,1945,25.4
2023-04-26,CUST_0042,Feature D,0.649,119,454,12.8
2023-05-26,CUST_0042,Feature C,0.541,85,616,20.5
2023-06-25,CUST_0042,Feature A,0.675,189,117,26.2
2023-07-25,CUST_0042,Feature A,0.646,8,1223,13.4
2023-08-24,CUST_0042,Feature C,0.649,97,274,51.5
2023-09-23,CUST_0042,Feature B,0.582,181,1713,33.3
2023-10-23,CUST_0042,Feature B,0.586,81,1668,17.8
2023-11-22,CUST_0042,Feature B,0.688,16,551,18.2
2022-01-01,CUST_0043,Feature B,0.655,140,731,5.7
2022-01-31,CUST_0043,Feature B,0.709,102,914,31.7
2022-03-02,CUST_0043,Feature D,0.682,56,1444,49.9
2022-04-01,CUST_0043,Feature B,0.615,7,371,39.7
2022-05-01,CUST_0043,Feature C,0.753,122,875,28.6
2022-05-31,CUST_0043,Feature A,0.681,181,1260,49.2
2022-06-30,CUST_0043,Feature B,0.617,114,1831,19.1
2022-07-30,CUST_0043,Feature B,0.735,170,365,25.1
2022-08-29,CUST_0043,Feature D,0.603,18,1403,18.1
2022-09-28,CUST_0043,Feature A,0.593,185,864,59.5
2022-10-28,CUST_0043,Feature A,0.606,189,328,26.9
2022-11-27,CUST_0043,Feature A,0.616,85,1743,32.7
2022-12-27,CUST_0043,Feature D,0.646,38,76,38.1
2023-01-26,CUST_0043,Feature B,0.675,18,789,7.3
2023-02-25,CUST_0043,Feature B,0.734,58,302,7.9
2023-03-27,CUST_0043,Feature A,0.698,26,64,20.6
2023-04-26,CUST_0043,Feature B,0.771,178,875,10.5
2023-05-26,CUST_0043,Feature D,0.658,111,1642,54.8
2023-06-25,CUST_0043,Feature A,0.652,93,1493,31.1
2023-07-25,CUST_0043,Feature C,0.701,166,814,34.0
2023-08-24,CUST_0043,Feature A,0.627,52,367,32.9
2023-09-23,CUST_0043,Feature B,0.586,65,1468,48.9
2023-10-23,CUST_0043,Feature D,0.722,76,1362,16.5
2023-11-22,CUST_0043,Feature C,0.695,178,1964,49.6
2022-01-01,CUST_0044,Feature A,0.917,71,98,40.3
2022-01-31,CUST_0044,Feature C,0.906,82,1318,45.4
2022-03-02,CUST_0044,Feature D,0.887,126,644,20.0
2022-04-01,CUST_0044,Feature B,0.836,168,1100,49.0
2022-05-01,CUST_0044,Feature A,0.792,67,858,48.4
2022-05-31,CUST_0044,Feature A,0.904,146,751,37.0
2022-06-30,CUST_0044,Feature D,0.828,123,1774,34.9
2022-07-30,CUST_0044,Feature B,0.859,53,264,37.8
2022-08-29,CUST_0044,Feature B,0.793,162,1528,48.4
2022-09-28,CUST_0044,Feature A,0.899,187,1665,39.1
2022-10-28,CUST_0044,Feature B,0.875,156,910,28.4
2022-11-27,CUST_0044,Feature D,0.829,23,1418,28.3
2022-12-27,CUST_0044,Feature D,0.949,161,258,28.5
2023-01-26,CUST_0044,Feature B,0.783,117,1336,54.2
2023-02-25,CUST_0044,Feature B,0.89,72,1419,34.3
2023-03-27,CUST_0044,Feature B,0.954,97,1678,21.4
2023-04-26,CUST_0044,Feature A,0.931,43,1750,19.6
2023-05-26,CUST_0044,Feature D,0.914,172,787,16.1
2023-06-25,CUST_0044,Feature D,0.956,81,901,18.3
2023-07-25,CUST_0044,Feature B,0.874,68,1833,36.5
2023-08-24,CUST_0044,Feature B,0.827,99,1059,45.9
2023-09-23,CUST_0044,Feature B,0.948,58,712,16.3
2023-10-23,CUST_0044,Feature C,0.805,167,160,6.9
2023-11-22,CUST_0044,Feature A,0.933,148,1378,25.6
2022-01-01,CUST_0045,Feature D,0.863,119,782,15.8
2022-01-31,CUST_0045,Feature D,0.966,51,1138,13.8
2022-03-02,CUST_0045,Feature D,0.945,110,792,8.1
2022-04-01,CUST_0045,Feature B,0.894,108,62,17.4
2022-05-01,CUST_0045,Feature C,0.979,54,690,9.2
2022-05-31,CUST_0045,Feature C,0.818,153,306,19.9
2022-06-30,CUST_0045,Feature A,0.805,115,1947,5.5
2022-07-30,CUST_0045,Feature C,0.938,132,351,47.2
2022-08-29,CUST_0045,Feature C,0.971,134,1256,46.4
2022-09-28,CUST_0045,Feature D,0.962,69,797,33.4
2022-10-28,CUST_0045,Feature D,0.83,99,201,21.1
2022-11-27,CUST_0045,Feature B,0.844,20,1386,19.5
2022-12-27,CUST_0045,Feature D,0.992,157,316,15.7
2023-01-26,CUST_0045,Feature C,0.969,57,1570,24.6
2023-02-25,CUST_0045,Feature D,0.963,40,1783,18.9
2023-03-27,CUST_0045,Feature A,0.923,173,1520,31.5
2023-04-26,CUST_0045,Feature A,0.97,46,1855,53.9
2023-05-26,CUST_0045,Feature C,0.898,60,1686,40.2
2023-06-25,CUST_0045,Feature A,0.946,139,688,53.3
2023-07-25,CUST_0045,Feature D,0.845,7,1660,56.2
2023-08-24,CUST_0045,Feature D,0.803,153,1490,55.1
2023-09-23,CUST_0045,Feature C,0.856,41,644,56.8
2023-10-23,CUST_0045,Feature C,0.904,45,324,23.7
2023-11-22,CUST_0045,Feature C,0.981,114,1966,27.3
2022-01-01,CUST_0046,Feature D,0.527,155,1113,11.5
2022-01-31,CUST_0046,Feature C,0.614,33,855,9.4
2022-03-02,CUST_0046,Feature A,0.597,29,901,49.7
2022-04-01,CUST_0046,Feature A,0.504,173,1478,57.9
2022-05-01,CUST_0046,Feature D,0.507,68,1187,27.3
2022-05-31,CUST_0046,Feature D,0.593,78,426,43.2
2022-06-30,CUST_0046,Feature B,0.565,90,659,5.0
2022-07-30,CUST_0046,Feature A,0.468,114,1001,56.9
2022-08-29,CUST_0046,Feature A,0.574,73,85,19.4
2022-09-28,CUST_0046,Feature B,0.521,179,1879,16.0
2022-10-28,CUST_0046,Feature D,0.5,126,553,25.7
2022-11-27,CUST_0046,Feature C,0.54,73,547,39.9
2022-12-27,CUST_0046,Feature D,0.449,142,1278,28.0
2023-01-26,CUST_0046,Feature A,0.604,28,1406,59.2
2023-02-25,CUST_0046,Feature D,0.476,28,333,33.6
2023-03-27,CUST_0046,Feature D,0.464,187,1604,51.6
2023-04-26,CUST_0046,Feature C,0.445,189,582,40.8
2023-05-26,CUST_0046,Feature B,0.471,95,210,37.4
2023-06-25,CUST_0046,Feature B,0.532,193,467,14.7
2023-07-25,CUST_0046,Feature A,0.595,90,256,55.2
2023-08-24,CUST_0046,Feature D,0.629,9,1698,12.2
2023-09-23,CUST_0046,Feature A,0.502,153,1348,30.3
2023-10-23,CUST_0046,Feature D,0.638,187,241,17.1
2023-11-22,CUST_0046,Feature A,0.594,191,479,59.2
2022-01-01,CUST_0047,Feature A,0.646,18,1122,51.0
2022-01-31,CUST_0047,Feature C,0.547,61,1891,39.3
2022-03-02,CUST_0047,Feature A,0.656,167,1680,39.6
2022-04-01,CUST_0047,Feature C,0.563,101,1348,27.3
2022-05-01,CUST_0047,Feature D,0.659,162,765,28.9
2022-05-31,CUST_0047,Feature D,0.604,139,1440,9.1
2022-06-30,CUST_0047,Feature D,0.678,49,867,14.1
2022-07-30,CUST_0047,Feature D,0.599,124,71,20.5
2022-08-29,CUST_0047,Feature A,0.611,103,460,8.8
2022-09-28,CUST_0047,Feature A,0.577,31,1807,12.4
2022-10-28,CUST_0047,Feature D,0.651,75,249,49.9
2022-11-27,CUST_0047,Feature A,0.661,92,1123,33.6
2022-12-27,CUST_0047,Feature B,0.659,182,411,49.1
2023-01-26,CUST_0047,Feature B,0.612,55,647,36.5
2023-02-25,CUST_0047,Feature D,0.65,115,1135,59.8
2023-03-27,CUST_0047,Feature D,0.672,131,718,5.0
2023-04-26,CUST_0047,Feature D,0.598,101,791,46.6
2023-05-26,CUST_0047,Feature C,0.725,85,844,22.4
2023-06-25,CUST_0047,Feature C,0.654,25,330,33.3
2023-07-25,CUST_0047,Feature B,0.662,17,321,50.7
2023-08-24,CUST_0047,Feature D,0.718,114,437,31.9
2023-09-23,CUST_0047,Feature B,0.635,53,1216,56.5
2023-10-23,CUST_0047,Feature B,0.644,58,1596,42.0
2023-11-22,CUST_0047,Feature A,0.602,151,925,25.7
2022-01-01,CUST_0048,Feature A,0.286,71,461,6.2
2022-01-31,CUST_0048,Feature C,0.231,90,1507,44.7
2022-03-02,CUST_0048,Feature A,0.416,131,61,35.2
2022-04-01,CUST_0048,Feature D,0.225,136,1927,33.0
2022-05-01,CUST_0048,Feature D,0.321,100,1452,59.7
2022-05-31,CUST_0048,Feature D,0.25,75,93,5.6
2022-06-30,CUST_0048,Feature A,0.384,115,1478,26.4
2022-07-30,CUST_0048,Feature B,0.266,162,1444,59.3
2022-08-29,CUST_0048,Feature C,0.241,6,1479,18.9
2022-09-28,CUST_0048,Feature B,0.409,128,1770,19.1
2022-10-28,CUST_0048,Feature D,0.338,183,926,30.2
2022-11-27,CUST_0048,Feature B,0.309,142,638,42.8
2022-12-27,CUST_0048,Feature C,0.331,49,1634,19.4
2023-01-26,CUST_0048,Feature A,0.262,81,1398,5.8
2023-02-25,CUST_0048,Feature C,0.364,104,178,55.8
2023-03-27,CUST_0048,Feature B,0.382,164,1520,19.0
2023-04-26,CUST_0048,Feature A,0.366,162,196,51.7
2023-05-26,CUST_0048,Feature D,0.327,64,248,41.5
2023-06-25,CUST_0048,Feature A,0.34,190,1457,9.2
2023-07-25,CUST_0048,Feature D,0.39,185,1854,30.9
2023-08-24,CUST_0048,Feature A,0.309,90,504,34.9
2023-09-23,CUST_0048,Feature B,0.282,112,173,26.0
2023-10-23,CUST_0048,Feature A,0.261,170,1809,6.9
2023-11-22,CUST_0048,Feature A,0.368,122,944,11.8
2022-01-01,CUST_0049,Feature B,0.429,160,868,23.8
2022-01-31,CUST_0049,Feature B,0.362,169,281,35.2
2022-03-02,CUST_0049,Feature D,0.333,162,1196,34.9
2022-04-01,CUST_0049,Feature B,0.457,112,113,16.2
2022-05-01,CUST_0049,Feature D,0.433,64,1119,39.2
2022-05-31,CUST_0049,Feature D,0.427,139,1156,41.4
2022-06-30,CUST_0049,Feature C,0.49,68,1900,19.0
2022-07-30,CUST_0049,Feature C,0.451,187,1253,26.8
2022-08-29,CUST_0049,Feature C,0.507,70,253,33.9
2022-09-28,CUST_0049,Feature D,0.407,84,695,44.8
2022-10-28,CUST_0049,Feature B,0.482,168,1857,35.9
2022-11-27,CUST_0049,Feature B,0.478,102,1016,48.7
2022-12-27,CUST_0049,Feature A,0.483,176,335,53.4
2023-01-26,CUST_0049,Feature D,0.406,162,663,35.7
2023-02-25,CUST_0049,Feature A,0.366,23,889,18.9
2023-03-27,CUST_0049,Feature C,0.41,74,932,13.3
2023-04-26,CUST_0049,Feature A,0.423,97,1979,53.1
2023-05-26,CUST_0049,Feature A,0.389,45,64,45.5
2023-06-25,CUST_0049,Feature D,0.433,16,1395,33.5
2023-07-25,CUST_0049,Feature A,0.34,153,95,54.2
2023-08-24,CUST_0049,Feature C,0.373,160,1277,7.9
2023-09-23,CUST_0049,Feature D,0.473,129,1668,9.6
2023-10-23,CUST_0049,Feature D,0.518,173,1459,33.2
2023-11-22,CUST_0049,Feature D,0.371,34,1008,57.6
2022-01-01,CUST_0050,Feature C,0.524,41,1193,15.6
2022-01-31,CUST_0050,Feature A,0.538,103,711,23.4
2022-03-02,CUST_0050,Feature C,0.477,121,338,16.9
2022-04-01,CUST_0050,Feature D,0.556,119,1368,40.4
2022-05-01,CUST_0050,Feature A,0.574,43,893,20.6
2022-05-31,CUST_0050,Feature D,0.558,157,1801,9.5
2022-06-30,CUST_0050,Feature D,0.505,132,589,8.8
2022-07-30,CUST_0050,Feature B,0.647,66,1239,35.9
2022-08-29,CUST_0050,Feature C,0.504,198,1002,11.5
2022-09-28,CUST_0050,Feature B,0.653,184,1463,13.6
2022-10-28,CUST_0050,Feature C,0.612,80,821,59.3
2022-11-27,CUST_0050,Feature A,0.511,44,878,28.1
2022-12-27,CUST_0050,Feature C,0.661,137,1267,27.4
2023-01-26,CUST_0050,Feature D,0.603,100,611,34.7
2023-02-25,CUST_0050,Feature D,0.48,105,126,19.8
2023-03-27,CUST_0050,Feature D,0.626,50,1290,50.8
2023-04-26,CUST_0050,Feature A,0.518,194,1120,14.5
2023-05-26,CUST_0050,Feature B,0.653,52,1048,31.1
2023-06-25,CUST_0050,Feature B,0.605,191,1958,48.3
2023-07-25,CUST_0050,Feature B,0.478,193,724,12.1
2023-08-24,CUST_0050,Feature B,0.521,114,1925,54.3
2023-09-23,CUST_0050,Feature D,0.527,181,1467,58.3
2023-10-23,CUST_0050,Feature A,0.661,14,651,54.5
2023-11-22,CUST_0050,Feature D,0.64,81,703,31.9
